Job Title,Company Name,Skills / Tags,Location,Job Type,Date Posted,Job URL
Staff Software Engineer,Malt,"software, design, technical, support, code, java, cloud, strategy, lead, senior, operational, excel, engineer, engineering, backend, digital nomad",France,,2026-01-03 10:00:02,https://remoteOK.com/remote-jobs/remote-staff-software-engineer-malt-1129398
Espresso,Espresso,,Remote,,2026-01-03 09:00:06,https://remoteOK.com/remote-jobs/remote-espresso-espresso-1129397
SQUIRE,SQUIRE,,Remote,,2026-01-02 16:00:21,https://remoteOK.com/remote-jobs/remote-squire-squire-1129396
Coding Bootcampï¹£Job Guaranteed,Metana,"No Tech Background Needed, Job or 100% Money Back",,,2026-01-02 09:06:50,https://remoteOK.com/remote-jobs/remote-coding-bootcamp-job-guaranteed-metana-1129395
Executive Assistant Operations Virtual Assistant,Assist World,"assistant, system, consulting, founder, support, bookkeeping, financial, admin, management, operations, executive",,,2026-01-02 05:00:08,https://remoteOK.com/remote-jobs/remote-executive-assistant-operations-virtual-assistant-assist-world-1129394
Marketing &amp; Sponsorship Coordinator,Assist World,"coordinator, support, content, marketing, sales, non tech",,,2026-01-02 05:00:01,https://remoteOK.com/remote-jobs/remote-marketing-amp-sponsorship-coordinator-assist-world-1129393
Staff Software Engineer Money,Galileo Financial Technologies,"software, finance, financial, banking, excel, analytics, engineer, engineering",New York City,,2026-01-01 22:00:55,https://remoteOK.com/remote-jobs/remote-staff-software-engineer-money-galileo-financial-technologies-1129390
Senior Cloud Engineer,ClickHouse,"security, architect, c, cloud, senior, engineer",United States,,2026-01-01 22:00:37,https://remoteOK.com/remote-jobs/remote-senior-cloud-engineer-clickhouse-1129389
Regional Director Public Sector Sales DOW,Chainguard,"director, security, software, cloud, management, marketing, sales",Washington DC,,2026-01-01 22:00:17,https://remoteOK.com/remote-jobs/remote-regional-director-public-sector-sales-dow-chainguard-1129388
Senior Staff AI Software Engineer,Aegis Ventures,"software, python, technical, growth, senior, operational, health, healthcare, engineer, backend","Remote, U.S.",,2026-01-01 21:00:15,https://remoteOK.com/remote-jobs/remote-senior-staff-ai-software-engineer-aegis-ventures-1129387
Security Architect,Dexterity,"security, architect, python, full-stack, docker, software, devops, c++, cloud, robotics, git, operations",Redwood City,,2025-12-31 22:00:02,https://remoteOK.com/remote-jobs/remote-security-architect-dexterity-1129385
Member of Technical Staff Fullstack Engineer,Inflection AI,"technical, support, engineer, engineering, backend, fullstack",Palo Alto,,2025-12-31 08:00:42,https://remoteOK.com/remote-jobs/remote-member-of-technical-staff-fullstack-engineer-inflection-ai-1129384
Staff Software Engineer Simulation,Muon Space,"software, design, system, web, cloud, api, operations, engineer, engineering, digital nomad",San Jose,,2025-12-31 08:00:18,https://remoteOK.com/remote-jobs/remote-staff-software-engineer-simulation-muon-space-1129383
Software Engineer Networking Software and Services,xAI,"software, support, travel, reliability, engineer, engineering",Remote,,2025-12-30 15:00:10,https://remoteOK.com/remote-jobs/remote-software-engineer-networking-software-and-services-xai-1129382
Client Success Executive Wayforge,SBI Growth,"marketing, consulting, growth, management, executive",Remote,,2025-12-30 12:00:16,https://remoteOK.com/remote-jobs/remote-client-success-executive-wayforge-sbi-growth-1129381
WNS Global Services,WNS Global Services,,India,,2025-12-30 08:00:29,https://remoteOK.com/remote-jobs/remote-wns-global-services-wns-global-services-1129380
Virtual Operations Manager,Women Builders Council,"full time, other",,,2025-12-30 04:33:06,https://remoteOK.com/remote-jobs/remote-virtual-operations-manager-women-builders-council-1129379
Client Success Manager Coupa,CrossCountry Consulting,"consulting, manager, saas, support, software, growth, travel, accounting, financial, post-production, microsoft, management, lead, operational, excel, sales, health, healthcare",United States,,2025-12-30 00:01:40,https://remoteOK.com/remote-jobs/remote-client-success-manager-coupa-crosscountry-consulting-1129378
Social Media Manager Platform,Digital Media Management,"manager, training, copywriting, growth, video, strategy, exec, management, content, marketing, analytics, health",United States,,2025-12-30 00:01:33,https://remoteOK.com/remote-jobs/remote-social-media-manager-platform-digital-media-management-1129377
IT Operations Specialist,MyFunded Futures,"security, support, financial, mobile, operations",Remote,,2025-12-30 00:01:27,https://remoteOK.com/remote-jobs/remote-it-operations-specialist-myfunded-futures-1129376
Senior Software Engineer,Chainguard,"software, design, cloud, management, senior, go, engineer, engineering, backend, digital nomad",Remote,,2025-12-30 00:01:11,https://remoteOK.com/remote-jobs/remote-senior-software-engineer-chainguard-1129375
Senior Specialist Senior Accountant Shared Financial Services,Make-A-Wish America,"accountant, accounting, financial, senior",Remote,,2025-12-30 00:00:49,https://remoteOK.com/remote-jobs/remote-senior-specialist-senior-accountant-shared-financial-services-make-a-wish-america-1129374
Senior Product Manager,Agile Six,"manager, growth, senior",United States,,2025-12-30 00:00:27,https://remoteOK.com/remote-jobs/remote-senior-product-manager-agile-six-1129373
Senior Engineering Manager Infrastructure,MZLA Technologies Corporation,"manager, senior, engineering",Remote Canada,,2025-12-29 20:00:42,https://remoteOK.com/remote-jobs/remote-senior-engineering-manager-infrastructure-mzla-technologies-corporation-1129371
Work From Home Benefits Services Representative,Global Elite Texas,"security, training, architect, test, growth, financial, video, part-time","Portland, Maine",,2025-12-29 18:00:55,https://remoteOK.com/remote-jobs/remote-work-from-home-benefits-services-representative-global-elite-texas-1129370
Senior Infrastructure Engineer,Paradigm Health,"security, devops, cloud, senior, medical, healthcare, engineer, engineering",Remote - United States,,2025-12-29 18:00:31,https://remoteOK.com/remote-jobs/remote-senior-infrastructure-engineer-paradigm-health-1129369
Senior Software Developer II Cloud,Life360,"developer, software, cloud, php, mobile, senior, operations, go, backend, digital nomad","Remote, Canada",,2025-12-29 18:00:14,https://remoteOK.com/remote-jobs/remote-senior-software-developer-ii-cloud-life360-1129368
HR Administrator,Offshore Launch,"hr, growth, payroll, administrator, operations",Remote,,2025-12-29 16:01:31,https://remoteOK.com/remote-jobs/remote-hr-administrator-offshore-launch-1129367
Product Designer,Ahrefs,"design, designer, technical, software, manager, lead, senior, marketing, sales, engineering, recruitment, digital nomad",Remote,,2025-12-29 16:01:02,https://remoteOK.com/remote-jobs/remote-product-designer-ahrefs-1129366
Client Success Manager,Offshore Launch,"manager, support, growth, operations, full-time",Remote,,2025-12-29 16:00:46,https://remoteOK.com/remote-jobs/remote-client-success-manager-offshore-launch-1129365
Full Stack Developer,MicroVentures,"developer, laravel, senior, engineering, digital nomad",Texas,,2025-12-29 16:00:41,https://remoteOK.com/remote-jobs/remote-full-stack-developer-microventures-1129364
Sales Development Manager,Dune,"manager, saas, crypto, technical, travel, scheme, strategy, lead, analytics, sales, go, health, engineering, part-time",London,,2025-12-29 16:00:27,https://remoteOK.com/remote-jobs/remote-sales-development-manager-dune-1129363
Current job openings,Databricks,,Remote,,2025-12-29 16:00:21,https://remoteOK.com/remote-jobs/remote-current-job-openings-databricks-1129362
Senior Business Analyst,Xpansiv,"analyst, design, system, security, technical, recruiter, support, testing, manager, education, microsoft, management, lead, senior, operational, recruiting, digital nomad",Remote,,2025-12-29 12:01:22,https://remoteOK.com/remote-jobs/remote-senior-business-analyst-xpansiv-1129361
Project Coordinator Contract,INFUSE,"security, coordinator, test, manager, video, recruiting, non tech",Remote,,2025-12-29 12:01:15,https://remoteOK.com/remote-jobs/remote-project-coordinator-contract-infuse-1129360
Commercial Sales Engineer Central,Chainguard,"security, technical, support, serverless, cloud, sales, engineer",United States,,2025-12-29 12:00:34,https://remoteOK.com/remote-jobs/remote-commercial-sales-engineer-central-chainguard-1129359
Business Development Manager,Unlimit,"manager, crypto, support, growth, financial, fintech, strategy, recruiting, executive",,,2025-12-29 10:00:02,https://remoteOK.com/remote-jobs/remote-business-development-manager-unlimit-1129358
Motion Designer,Alpaca,"design, crypto, designer, technical, ui, web, financial, video, investment, c, api, mobile, digital nomad",Remote - North America,,2025-12-29 08:00:22,https://remoteOK.com/remote-jobs/remote-motion-designer-alpaca-1129357
Social Media Content Specialist,AllTrails,"design, support, growth, video, education, investment, content, digital nomad",Remote,,2025-12-29 02:00:02,https://remoteOK.com/remote-jobs/remote-social-media-content-specialist-alltrails-1129356
Senior Backend Software Engineer,Teleport,"software, security, recruiter, code, education, cloud, senior, go, health, engineer, engineering, linux, backend",United States,,2025-12-28 16:00:02,https://remoteOK.com/remote-jobs/remote-senior-backend-software-engineer-teleport-1129355
DevOps Software Engineer Energy Storage,Redwood Materials,"software, growth, web, devops, operations, engineer",San Francisco,,2025-12-27 20:00:16,https://remoteOK.com/remote-jobs/remote-devops-software-engineer-energy-storage-redwood-materials-1129354
Business Systems Analyst,NASA Federal Credit Union,"analyst, design, system, training, technical, support, software, investment, microsoft, management, junior, operational, part-time, digital nomad",Remote,,2025-12-27 18:00:09,https://remoteOK.com/remote-jobs/remote-business-systems-analyst-nasa-federal-credit-union-1129353
Customer Experience Associate New Req,Koala Health,"technical, support, web, voice, medical, health, healthcare",Remote,,2025-12-27 18:00:01,https://remoteOK.com/remote-jobs/remote-customer-experience-associate-new-req-koala-health-1129352
Frontend Engineer Trading Platform,MyFunded Futures,"frontend, design, test, code, financial, api, engineer, backend, digital nomad",Remote,,2025-12-27 08:00:12,https://remoteOK.com/remote-jobs/remote-frontend-engineer-trading-platform-myfunded-futures-1129351
Internal Controls &amp; Policy Adherence Testing Analyst,CloudWalk,"testing, analyst, design, technical, support, test, financial, operations, operational, engineering, digital nomad",United States,,2025-12-27 00:01:36,https://remoteOK.com/remote-jobs/remote-internal-controls-amp-policy-adherence-testing-analyst-cloudwalk-1129350
Frontend Product Engineer,Mento,"frontend, design, growth, engineer, engineering, digital nomad",Remote,,2025-12-27 00:01:28,https://remoteOK.com/remote-jobs/remote-frontend-product-engineer-mento-1129349
Commercial P&amp;C Support Representative,Thimble,"training, technical, support, software, sales, health",United States,,2025-12-27 00:01:08,https://remoteOK.com/remote-jobs/remote-commercial-pampc-support-representative-thimble-1129348
Content Manager,Terra,"manager, design, writer, support, ux, seo, leader, strategy, lead, content, senior, marketing, health, healthcare, digital nomad",U.S.,,2025-12-27 00:01:00,https://remoteOK.com/remote-jobs/remote-content-manager-terra-1129347
Associate Clinical Director Oncology,Private Health Management,"director, manager, exec, management, lead, go, medical, health, healthcare",Remote,,2025-12-27 00:00:53,https://remoteOK.com/remote-jobs/remote-associate-clinical-director-oncology-private-health-management-1129346
Recovery Analyst Underpayments,Trend Health Partners,"analyst, system, software, microsoft, excel, medical, health, healthcare",Remote,,2025-12-27 00:00:27,https://remoteOK.com/remote-jobs/remote-recovery-analyst-underpayments-trend-health-partners-1129345
Cloud Full Stack Python Software Engineer US,"Railroad19, Inc","python, software, react, technical, code, serverless, cloud, nosql, angular, health, engineer, engineering, full-time",U.S. Remote,,2025-12-27 00:00:20,https://remoteOK.com/remote-jobs/remote-cloud-full-stack-python-software-engineer-us-railroad19-inc-1129344
Customer Care Specialist Inbound Phone Support,HONK,"support, growth, operations, operational, sales, full-time",Remote,,2025-12-27 00:00:13,https://remoteOK.com/remote-jobs/remote-customer-care-specialist-inbound-phone-support-honk-1129343
Staff Software Engineer Backend with Close 10 years of experience,Outreach,"software, design, technical, code, microsoft, senior, sales, engineer, backend, digital nomad",Hyderabad,,2025-12-26 11:00:02,https://remoteOK.com/remote-jobs/remote-staff-software-engineer-backend-with-close-10-years-of-experience-outreach-1129341
Technical Program Associate,GiveDirectly,"technical, software, financial, operations",London,,2025-12-26 08:00:15,https://remoteOK.com/remote-jobs/remote-technical-program-associate-givedirectly-1129340
Full Stack Engineer Contacts,Calendly,"design, saas, react, front-end, technical, software, growth, web, cloud, node.js, engineer, engineering, backend, digital nomad",Remote - US,,2025-12-25 22:00:17,https://remoteOK.com/remote-jobs/remote-full-stack-engineer-contacts-calendly-1129339
Product Security Engineer DeFi,FalconX,"defi, security, design, crypto, cryptocurrency, support, code, financial, finance, management, engineer, engineering, digital nomad",New York City,,2025-12-25 14:00:16,https://remoteOK.com/remote-jobs/remote-product-security-engineer-defi-falconx-1129337
Senior Frontend Engineer,Arize AI,"frontend, react, typescript, api, senior, junior, engineer, engineering, backend",Remote,,2025-12-25 10:00:21,https://remoteOK.com/remote-jobs/remote-senior-frontend-engineer-arize-ai-1129336
Site Reliability Engineer,Wormhole Foundation,"security, support, operational, reliability, engineer",Remote,,2025-12-24 19:00:25,https://remoteOK.com/remote-jobs/remote-site-reliability-engineer-wormhole-foundation-1129335
Product Manager Wallet SDKs,Startale,manager,Remote,,2025-12-24 19:00:06,https://remoteOK.com/remote-jobs/remote-product-manager-wallet-sdks-startale-1129334
Growth Marketing Manager,InfStones,"growth, manager, web3, node, mobile, management, marketing, analytics, sales, full-time",Texas,,2025-12-24 14:00:02,https://remoteOK.com/remote-jobs/remote-growth-marketing-manager-infstones-1129333
Senior Data Engineer,Nansen.ai,"crypto, software, senior, operational, analytics, engineer, engineering","Remote EMEA, Remote Asia",,2025-12-24 09:00:49,https://remoteOK.com/remote-jobs/remote-senior-data-engineer-nansen-ai-1129332
Social Media Manager,GiveDirectly,"manager, software, financial, management, operations",Nairobi,,2025-12-24 09:00:19,https://remoteOK.com/remote-jobs/remote-social-media-manager-givedirectly-1129331
Senior Full Stack Engineer,Teleport,"design, security, recruiter, support, code, voice, education, investment, typescript, senior, go, health, engineer, engineering, digital nomad",United States,,2025-12-24 08:00:04,https://remoteOK.com/remote-jobs/remote-senior-full-stack-engineer-teleport-1129330
Project Director Campus Action Planning,Campus Compact,"director, students, technical, support, growth, education, investment, senior",Remote - Anywhere in the U.S.,,2025-12-24 00:00:48,https://remoteOK.com/remote-jobs/remote-project-director-campus-action-planning-campus-compact-1129329
Member Support Specialist,DISQO,"support, test, growth, lead, health",Yerevan,,2025-12-24 00:00:24,https://remoteOK.com/remote-jobs/remote-member-support-specialist-disqo-1129328
Product Manager GeckoTerminal,CoinGecko,"manager, design, crypto, cryptocurrency, support, software, test, growth, voice, financial, education, leader, marketing, digital nomad",Malaysia,,2025-12-23 14:00:38,https://remoteOK.com/remote-jobs/remote-product-manager-geckoterminal-coingecko-1129326
Senior Analytics Engineer,Alpaca,"crypto, technical, support, financial, investment, finance, c, api, senior, operations, operational, marketing, analytics, engineer, executive",Remote - North America,,2025-12-23 14:00:31,https://remoteOK.com/remote-jobs/remote-senior-analytics-engineer-alpaca-1129325
Growth Marketer,BitMEX,"growth, crypto, cryptocurrency, security, marketer",Remote - Europe,,2025-12-23 13:00:19,https://remoteOK.com/remote-jobs/remote-growth-marketer-bitmex-1129324
BIM Modeler,Sanctuary,"design, system, 3d, consultant, consulting, technical, support, test, management, lead, engineering, digital nomad",New Delhi,,2025-12-23 08:00:17,https://remoteOK.com/remote-jobs/remote-bim-modeler-sanctuary-1129323
Commercial Pilots AI Trainer,Handshake,"trainer, system, students, test, content, operational, recruiting",San Francisco,,2025-12-23 08:00:11,https://remoteOK.com/remote-jobs/remote-commercial-pilots-ai-trainer-handshake-1129322
Senior Director Global Support,Elite Technology,"director, saas, embedded, system, support, financial, cloud, leader, management, senior, operations, operational, executive",US - Remote,,2025-12-23 00:03:10,https://remoteOK.com/remote-jobs/remote-senior-director-global-support-elite-technology-1129321
Medical Affairs Writer Contract,Kyverna Therapeutics,"writer, management, lead, content",Remote,,2025-12-23 00:02:52,https://remoteOK.com/remote-jobs/remote-medical-affairs-writer-contract-kyverna-therapeutics-1129320
Executive Director Patient Advocacy,Kyverna Therapeutics,"director, support, education, investor, strategy, lead, senior, recruitment, educational, executive",Remote,,2025-12-23 00:02:45,https://remoteOK.com/remote-jobs/remote-executive-director-patient-advocacy-kyverna-therapeutics-1129319
Manager Commercial Sales,Cribl,"manager, security, technical, strategy, lead, operations, excel, sales",Remote - United States,,2025-12-23 00:02:38,https://remoteOK.com/remote-jobs/remote-manager-commercial-sales-cribl-1129318
SEC Reporting Manager,HighLevel,"manager, technical, support, accounting, financial, education, investor, api, management, marketing, legal, sales",United States,,2025-12-23 00:02:14,https://remoteOK.com/remote-jobs/remote-sec-reporting-manager-highlevel-1129317
Director Medical Information,Kyverna Therapeutics,"director, system, training, support, leader, strategy, management, lead, content, senior, operational, biotech, health, healthcare",Remote,,2025-12-23 00:02:07,https://remoteOK.com/remote-jobs/remote-director-medical-information-kyverna-therapeutics-1129316
Associate Medical Writer,Precision AQ,"writer, support, education, content, marketing, legal, non tech","Remote, United States",,2025-12-23 00:02:00,https://remoteOK.com/remote-jobs/remote-associate-medical-writer-precision-aq-1129315
Junior Account Manager,Unlimited Technology,"manager, security, support, management, junior, sales, healthcare, non tech",Remote,,2025-12-23 00:01:35,https://remoteOK.com/remote-jobs/remote-junior-account-manager-unlimited-technology-1129314
Vice President Commercial & Channel Sales,DNSFilter,"design, support, growth, manager, lead, marketing, sales, full-time, digital nomad",Remote,,2025-12-23 00:01:11,https://remoteOK.com/remote-jobs/remote-vice-president-commercial-channel-sales-dnsfilter-1129313
Managing Director AMER Advertising Solutions,Kochava,"director, saas, gaming, technical, growth, finance, ads, mobile, leader, strategy, management, lead, senior, marketing, sales, executive",United States,,2025-12-23 00:00:40,https://remoteOK.com/remote-jobs/remote-managing-director-amer-advertising-solutions-kochava-1129312
SaaS Business Development Representative U.S. Eastern Time Zone,Buynomics,"saas, system, support, growth, lead, sales",Eastern Time Zone (EST) USA,,2025-12-23 00:00:34,https://remoteOK.com/remote-jobs/remote-saas-business-development-representative-u-s-eastern-time-zone-buynomics-1129311
Web Analyst Web Data and Analytics,Best Egg,"web, analyst, technical, testing, growth, director, financial, strategy, management, lead, marketing, analytics, health",Remote / Flexible,,2025-12-23 00:00:17,https://remoteOK.com/remote-jobs/remote-web-analyst-web-data-and-analytics-best-egg-1129310
Software Engineer Infrastructure,xAI,"software, engineer, engineering",Palo Alto,,2025-12-22 22:00:12,https://remoteOK.com/remote-jobs/remote-software-engineer-infrastructure-xai-1129309
Senior Data Engineer,HugeInc,"support, senior, engineer, engineering",United States,,2025-12-22 19:00:11,https://remoteOK.com/remote-jobs/remote-senior-data-engineer-hugeinc-1129308
Performance Application Engineer Intelligent Factory,Intrinsic,"system, technical, software, testing, test, c++, robotics, strategy, lead, reliability, engineer",Mountain View,,2025-12-22 18:00:36,https://remoteOK.com/remote-jobs/remote-performance-application-engineer-intelligent-factory-intrinsic-1129307
Software Manager Exchange,GHX,"software, manager, technical, java, lambda, angular, management, lead",Louisville,,2025-12-22 18:00:19,https://remoteOK.com/remote-jobs/remote-software-manager-exchange-ghx-1129306
Staff Software Engineer Backend,Leona Health,"software, python, cto, technical, strategy, medical, health, engineer, engineering, backend",San Francisco ,,2025-12-22 18:00:02,https://remoteOK.com/remote-jobs/remote-staff-software-engineer-backend-leona-health-1129305
AI Engineer,Magna Legal Services,"support, legal, engineer",Remote,,2025-12-22 16:00:23,https://remoteOK.com/remote-jobs/remote-ai-engineer-magna-legal-services-1129304
Executive Virtual Assistant,Offshore Launch,"assistant, founder, ceo, support, growth, operations, executive, full-time",Remote,,2025-12-22 15:00:18,https://remoteOK.com/remote-jobs/remote-executive-virtual-assistant-offshore-launch-1129303
Data Engineer,Sayari,"python, software, code, financial, investment, scala, engineer, engineering",Remote - US,,2025-12-22 00:00:40,https://remoteOK.com/remote-jobs/remote-data-engineer-sayari-1129302
Director of Narrative and Video Storytelling,Field AI,"director, technical, support, software, web, video, robotics, leader, lead, content, sales, go, executive","Irvine, CA",,2025-12-21 16:00:19,https://remoteOK.com/remote-jobs/remote-director-of-narrative-and-video-storytelling-field-ai-1129301
Senior GenAI Technical Lead Partner Platforms,2100 NVIDIA USA,"design, technical, support, software, growth, cloud, leader, strategy, lead, senior, engineering, digital nomad","US, CA, Santa Clara",,2025-12-21 16:00:02,https://remoteOK.com/remote-jobs/remote-senior-genai-technical-lead-partner-platforms-2100-nvidia-usa-1129300
Current openings,Sezzle,,Remote,,2025-12-20 20:00:06,https://remoteOK.com/remote-jobs/remote-current-openings-sezzle-1129297
Senior DevOps Engineer,Little Thinking Minds,"security, students, architect, technical, support, devops, cloud, lead, senior, junior, operational, engineer",Amman,,2025-12-20 08:00:40,https://remoteOK.com/remote-jobs/remote-senior-devops-engineer-little-thinking-minds-1129296
Senior Research Engineer OLMo,The Allen Institute for Artificial Intelligence,"senior, excel, engineer, engineering","Seattle, WA",,2025-12-20 03:00:15,https://remoteOK.com/remote-jobs/remote-senior-research-engineer-olmo-the-allen-institute-for-artificial-intelligence-1129294
Head of Studio Standards and Business,Samsung Research America,"security, technical, testing, test, video, strategy, junior",Irvine,,2025-12-20 00:01:08,https://remoteOK.com/remote-jobs/remote-head-of-studio-standards-and-business-samsung-research-america-1129293
Staff User Researcher,Nourish,"mobile, health, healthcare, non tech",New York,,2025-12-20 00:00:33,https://remoteOK.com/remote-jobs/remote-staff-user-researcher-nourish-1129292
Operations Recruiter,Field AI,"design, technical, recruiter, support, software, financial, finance, robotics, management, senior, operations, analytics, sales, go, recruiting, executive, digital nomad","Irvine, CA",,2025-12-19 16:00:25,https://remoteOK.com/remote-jobs/remote-operations-recruiter-field-ai-1129291
Full Stack Software Engineer III Angular Java,MeridianLink,"software, design, front-end, back-end, full-stack, technical, support, testing, ui, code, web, devops, java, angular, lead, senior, junior, engineer, digital nomad",,,2025-12-19 16:00:18,https://remoteOK.com/remote-jobs/remote-full-stack-software-engineer-iii-angular-java-meridianlink-1129290
JumpCloud,JumpCloud,,,,2025-12-19 12:00:08,https://remoteOK.com/remote-jobs/remote-jumpcloud-jumpcloud-1129289
